{
  "version": 1,
  "author": "Alex",
  "editor": "wokwi",
  "parts": [
    { "type": "wokwi-esp32-devkit-v1", "id": "esp", "top": -298.25, "left": 12.25, "attrs": {} },
    {
      "type": "wokwi-ili9341",
      "id": "lcd1",
      "top": -664.29,
      "left": 364.37,
      "rotate": 90,
      "attrs": {}
    },
    {
      "type": "wokwi-membrane-keypad",
      "id": "keypad1",
      "top": -406.41,
      "left": 356.41,
      "attrs": { "columns": "3" }
    }
  ],
  "connections": [
    [ "lcd1:GND", "esp:GND.1", "black", [ "h0" ] ],
    [ "lcd1:VCC", "esp:VIN", "red", [ "h0" ] ],
    [ "keypad1:R1", "esp:D12", "green", [ "v241.1", "h-454.3", "v-340.54" ] ],
    [ "keypad1:R2", "esp:D13", "green", [ "v259.89", "h-489.33", "v-350.23" ] ],
    [ "keypad1:R3", "esp:D14", "green", [ "v304.83", "h-524.6", "v-414.67" ] ],
    [ "keypad1:C1", "esp:D26", "green", [ "v86.96", "h-454.16" ] ],
    [ "keypad1:C2", "esp:D27", "green", [ "v227.13", "h-573.33", "v-346.17" ] ],
    [ "keypad1:C3", "esp:D21", "green", [ "v108.94", "h-376.86" ] ],
    [ "lcd1:RST", "esp:D4", "green", [ "v22.09", "h-104.53", "v-114.89" ] ],
    [ "lcd1:SCK", "esp:D18", "green", [ "v10.23", "h-117.02", "v-158.63" ] ],
    [ "lcd1:MISO", "esp:D19", "green", [ "v46.55", "h-176.99", "v-212" ] ],
    [ "lcd1:MOSI", "esp:D23", "green", [ "v33.95", "h-159.3", "v-240.16" ] ],
    [ "esp:D15", "lcd1:CS", "green", [ "v-2.74", "h142.51", "v-374.3" ] ],
    [ "esp:D2", "lcd1:D/C", "green", [ "h121.19", "v-348.74" ] ],
    [ "esp:D22", "keypad1:R4", "green", [ "h224.4", "v258.83", "h123.71" ] ]
  ],
  "dependencies": {}
}